staff,contact
Dimple,(842)-557-9128
Livia,(288)-485-9755
Vi,(832)-966-3244
Starla,(343)-456-9934
Ena,(722)-336-5469
Tameka,(224)-673-6125
Jama,(855)-993-9203
Angelic,(604)-348-9907
Sherise,(354)-965-2603
Marlo,(110)-548-5659
Carmon,(127)-579-4819
Nichole,(339)-161-1811
Sarah,(106)-189-3873
Joetta,(402)-989-4196
Terrie,(510)-632-6695
Tami,(950)-000-5057
Gema,(354)-507-8771
Lurline,(541)-669-5789
Barrie,(965)-075-9582
Nelida,(408)-416-0553
Tran,(520)-008-6669
Myesha,(429)-060-0512
Evangeline,(260)-462-1882
Chieko,(920)-365-3820
Hae,(320)-188-0590
