,PassengerId,Name
1,2,"Cumings, Mrs. John Bradley (Florence Briggs Thayer)"
2,3,"Heikkinen, Miss. Laina"
3,4,"Futrelle, Mrs. Jacques Heath (Lily May Peel)"
8,9,"Johnson, Mrs. Oscar W (Elisabeth Vilhelmina Berg)"
9,10,"Nasser, Mrs. Nicholas (Adele Achem)"
10,11,"Sandstrom, Miss. Marguerite Rut"
11,12,"Bonnell, Miss. Elizabeth"
15,16,"Hewlett, Mrs. (Mary D Kingcome) "
17,18,"Williams, Mr. Charles Eugene"
19,20,"Masselmani, Mrs. Fatima"
21,22,"Beesley, Mr. Lawrence"
22,23,"McGowan, Miss. Anna ""Annie"""
23,24,"Sloper, Mr. William Thompson"
25,26,"Asplund, Mrs. Carl Oscar (Selma Augusta Emilia Johansson)"
28,29,"O'Dwyer, Miss. Ellen ""Nellie"""
31,32,"Spencer, Mrs. William Augustus (Marie Eugenie)"
32,33,"Glynn, Miss. Mary Agatha"
36,37,"Mamee, Mr. Hanna"
39,40,"Nicola-Yarred, Miss. Jamila"
43,44,"Laroche, Miss. Simonne Marie Anne Andree"
44,45,"Devaney, Miss. Margaret Delia"
47,48,"O'Driscoll, Miss. Bridget"
52,53,"Harper, Mrs. Henry Sleeper (Myna Haxtun)"
53,54,"Faunthorpe, Mrs. Lizzie (Elizabeth Anne Wilkinson)"
55,56,"Woolner, Mr. Hugh"
56,57,"Rugg, Miss. Emily"
58,59,"West, Miss. Constance Mirium"
61,62,"Icard, Miss. Amelie"
65,66,"Moubarek, Master. Gerios"
66,67,"Nye, Mrs. (Elizabeth Ramell)"
68,69,"Andersson, Miss. Erna Alexandra"
74,75,"Bing, Mr. Lee"
78,79,"Caldwell, Master. Alden Gates"
79,80,"Dowdell, Miss. Elizabeth"
81,82,"Sheerlinck, Mr. Jan Baptist"
82,83,"McDermott, Miss. Brigdet Delia"
84,85,"Ilett, Miss. Bertha"
85,86,"Backstrom, Mrs. Karl Alfred (Maria Mathilda Gustafsson)"
88,89,"Fortune, Miss. Mabel Helen"
97,98,"Greenfield, Mr. William Bertram"
98,99,"Doling, Mrs. John T (Ada Julia Bone)"
106,107,"Salkjelsvik, Miss. Anna Kristine"
107,108,"Moss, Mr. Albert Johan"
109,110,"Moran, Miss. Bertha"
123,124,"Webber, Miss. Susan"
125,126,"Nicola-Yarred, Master. Elias"
127,128,"Madsen, Mr. Fridtjof Arne"
128,129,"Peter, Miss. Anna"
133,134,"Weisz, Mrs. Leopold (Mathilde Francoise Pede)"
136,137,"Newsom, Miss. Helen Monypeny"
141,142,"Nysten, Miss. Anna Sofia"
142,143,"Hakkarainen, Mrs. Pekka Pietari (Elin Matilda Dolck)"
146,147,"Andersson, Mr. August Edvard (""Wennerstrom"")"
151,152,"Pears, Mrs. Thomas (Edith Wearne)"
156,157,"Gilnagh, Miss. Katherine ""Katie"""
161,162,"Watt, Mrs. James (Elizabeth ""Bessie"" Inglis Milne)"
165,166,"Goldsmith, Master. Frank John William ""Frankie"""
166,167,"Chibnall, Mrs. (Edith Martha Bowerman)"
172,173,"Johnson, Miss. Eleanor Ileen"
183,184,"Becker, Master. Richard F"
184,185,"Kink-Heilmann, Miss. Luise Gretchen"
186,187,"O'Brien, Mrs. Thomas (Johanna ""Hannah"" Godfrey)"
187,188,"Romaine, Mr. Charles Hallace (""Mr C Rolmane"")"
190,191,"Pinsky, Mrs. (Rosa)"
192,193,"Andersen-Jensen, Miss. Carla Christine Nielsine"
193,194,"Navratil, Master. Michel M"
194,195,"Brown, Mrs. James Joseph (Margaret Tobin)"
195,196,"Lurette, Miss. Elise"
198,199,"Madigan, Miss. Margaret ""Maggie"""
204,205,"Cohen, Mr. Gurshon ""Gus"""
207,208,"Albimona, Mr. Nassef Cassem"
208,209,"Carr, Miss. Helen ""Ellen"""
209,210,"Blank, Mr. Henry"
211,212,"Cameron, Miss. Clear Annie"
215,216,"Newell, Miss. Madeleine"
216,217,"Honkanen, Miss. Eliina"
218,219,"Bazzani, Miss. Albina"
220,221,"Sunderland, Mr. Victor Francis"
224,225,"Hoyt, Mr. Frederick Maxfield"
226,227,"Mellors, Mr. William John"
230,231,"Harris, Mrs. Henry Birkhardt (Irene Wallach)"
233,234,"Asplund, Miss. Lillian Gertrud"
237,238,"Collyer, Miss. Marjorie ""Lottie"""
241,242,"Murphy, Miss. Katherine ""Kate"""
247,248,"Hamalainen, Mrs. William (Anna)"
248,249,"Beckwith, Mr. Richard Leonard"
255,256,"Touma, Mrs. Darwis (Hanne Youssef Razi)"
256,257,"Thorne, Mrs. Gertrude Maybelle"
257,258,"Cherry, Miss. Gladys"
258,259,"Ward, Miss. Anna"
259,260,"Parrish, Mrs. (Lutie Davis)"
261,262,"Asplund, Master. Edvin Rojj Felix"
267,268,"Persson, Mr. Ernst Ulrik"
268,269,"Graham, Mrs. William Thompson (Edith Junkins)"
269,270,"Bissette, Miss. Amelia"
271,272,"Tornquist, Mr. William Henry"
272,273,"Mellinger, Mrs. (Elizabeth Anne Maidment)"
274,275,"Healy, Miss. Hanora ""Nora"""
275,276,"Andrews, Miss. Kornelia Theodosia"
279,280,"Abbott, Mrs. Stanton (Rosa Hunt)"
283,284,"Dorking, Mr. Edward Arthur"
286,287,"de Mulder, Mr. Theodore"
288,289,"Hosono, Mr. Masabumi"
289,290,"Connolly, Miss. Kate"
290,291,"Barber, Miss. Ellen ""Nellie"""
291,292,"Bishop, Mrs. Dickinson H (Helen Walton)"
298,299,"Saalfeld, Mr. Adolphe"
299,300,"Baxter, Mrs. James (Helene DeLaudeniere Chaput)"
300,301,"Kelly, Miss. Anna Katherine ""Annie Kate"""
301,302,"McCoy, Mr. Bernard"
303,304,"Keane, Miss. Nora A"
305,306,"Allison, Master. Hudson Trevor"
306,307,"Fleming, Miss. Margaret"
307,308,"Penasco y Castellana, Mrs. Victor de Satode (Maria Josefa Perez de Soto y Vallejo)"
309,310,"Francatelli, Miss. Laura Mabel"
310,311,"Hays, Miss. Margaret Bechstein"
311,312,"Ryerson, Miss. Emily Borie"
315,316,"Nilsson, Miss. Helmina Josefina"
316,317,"Kantor, Mrs. Sinai (Miriam Sternin)"
318,319,"Wick, Miss. Mary Natalie"
319,320,"Spedden, Mrs. Frederic Oakley (Margaretta Corning Stone)"
322,323,"Slayter, Miss. Hilda Mary"
323,324,"Caldwell, Mrs. Albert Francis (Sylvia Mae Harbaugh)"
325,326,"Young, Miss. Marie Grice"
327,328,"Ball, Mrs. (Ada E Hall)"
328,329,"Goldsmith, Mrs. Frank John (Emily Alice Brown)"
329,330,"Hippach, Miss. Jean Gertrude"
330,331,"McCoy, Miss. Agnes"
334,335,"Frauenthal, Mrs. Henry William (Clara Heinsheimer)"
337,338,"Burns, Miss. Elizabeth Margaret"
338,339,"Dahl, Mr. Karl Edwart"
340,341,"Navratil, Master. Edmond Roger"
341,342,"Fortune, Miss. Alice Elizabeth"
345,346,"Brown, Miss. Amelia ""Mildred"""
346,347,"Smith, Miss. Marion Elsie"
347,348,"Davison, Mrs. Thomas Henry (Mary E Finck)"
348,349,"Coutts, Master. William Loch ""William"""
356,357,"Bowerman, Miss. Elsie Edith"
358,359,"McGovern, Miss. Mary"
359,360,"Mockler, Miss. Helen Mary ""Ellie"""
366,367,"Warren, Mrs. Frank Manley (Anna Sophia Atkinson)"
367,368,"Moussa, Mrs. (Mantoura Boulos)"
368,369,"Jermyn, Miss. Annie"
369,370,"Aubart, Mme. Leontine Pauline"
370,371,"Harder, Mr. George Achilles"
375,376,"Meyer, Mrs. Edgar Joseph (Leila Saks)"
376,377,"Landergren, Miss. Aurora Adelia"
380,381,"Bidois, Miss. Rosalie"
381,382,"Nakid, Miss. Maria (""Mary"")"
383,384,"Holverson, Mrs. Alexander Oskar (Mary Aline Towner)"
387,388,"Buss, Miss. Kate"
389,390,"Lehmann, Miss. Bertha"
390,391,"Carter, Mr. William Ernest"
391,392,"Jansson, Mr. Carl Olof"
393,394,"Newell, Miss. Marjorie"
394,395,"Sandstrom, Mrs. Hjalmar (Agnes Charlotta Bengtsson)"
399,400,"Trout, Mrs. William H (Jessie L)"
400,401,"Niskanen, Mr. Juha"
407,408,"Richards, Master. William Rowe"
412,413,"Minahan, Miss. Daisy E"
414,415,"Sundman, Mr. Johan Julian"
416,417,"Drew, Mrs. James Vivian (Lulu Thorne Christian)"
417,418,"Silven, Miss. Lyyli Karoliina"
426,427,"Clarke, Mrs. Charles V (Ada Maria Winfield)"
427,428,"Phillips, Miss. Kate Florence (""Mrs Kate Louise Phillips Marshall"")"
429,430,"Pickard, Mr. Berk (Berk Trembisky)"
430,431,"Bjornstrom-Steffansson, Mr. Mauritz Hakan"
431,432,"Thorneycroft, Mrs. Percival (Florence Kate White)"
432,433,"Louch, Mrs. Charles Alexander (Alice Adelaide Slow)"
435,436,"Carter, Miss. Lucile Polk"
437,438,"Richards, Mrs. Sidney (Emily Hocking)"
440,441,"Hart, Mrs. Benjamin (Esther Ada Bloomfield)"
443,444,"Reynaldo, Ms. Encarnacion"
444,445,"Johannesen-Bratthammer, Mr. Bernt"
445,446,"Dodge, Master. Washington"
446,447,"Mellinger, Miss. Madeleine Violet"
447,448,"Seward, Mr. Frederic Kimber"
448,449,"Baclini, Miss. Marie Catherine"
449,450,"Peuchen, Major. Arthur Godfrey"
453,454,"Goldenberg, Mr. Samuel L"
455,456,"Jalsevac, Mr. Ivan"
457,458,"Kenyon, Mrs. Frederick R (Marion)"
458,459,"Toomey, Miss. Ellen"
460,461,"Anderson, Mr. Harry"
469,470,"Baclini, Miss. Helene Barbara"
472,473,"West, Mrs. Edwy Arthur (Ada Mary Worth)"
473,474,"Jerwan, Mrs. Amin S (Marie Marthe Thuillard)"
479,480,"Hirvonen, Miss. Hildur E"
483,484,"Turkula, Mrs. (Hedwig)"
484,485,"Bishop, Mr. Dickinson H"
486,487,"Hoyt, Mrs. Frederick Maxfield (Jane Anne Forby)"
489,490,"Coutts, Master. Eden Leslie ""Neville"""
496,497,"Eustis, Miss. Elizabeth Mussey"
504,505,"Maioni, Miss. Roberta"
506,507,"Quick, Mrs. Frederick Charles (Jane Richards)"
507,508,"Bradley, Mr. George (""George Arthur Brayton"")"
509,510,"Lang, Mr. Fang"
510,511,"Daly, Mr. Eugene Patrick"
512,513,"McGough, Mr. James Robert"
513,514,"Rothschild, Mrs. Martin (Elizabeth L. Barrett)"
516,517,"Lemore, Mrs. (Amelia Milley)"
518,519,"Angle, Mrs. William A (Florence ""Mary"" Agnes Hughes)"
520,521,"Perreault, Miss. Anne"
523,524,"Hippach, Mrs. Louis Albert (Ida Sophia Fischer)"
526,527,"Ridsdale, Miss. Lucy"
530,531,"Quick, Miss. Phyllis May"
533,534,"Peter, Mrs. Catherine (Catherine Rizk)"
535,536,"Hart, Miss. Eva Miriam"
537,538,"LeRoy, Miss. Bertha"
539,540,"Frolicher, Miss. Hedwig Margaritha"
540,541,"Crosby, Miss. Harriet R"
543,544,"Beane, Mr. Edward"
546,547,"Beane, Mrs. Edward (Ethel Clarke)"
547,548,"Padro y Manent, Mr. Julian"
549,550,"Davies, Master. John Morgan Jr"
550,551,"Thayer, Mr. John Borland Jr"
553,554,"Leeni, Mr. Fahim (""Philip Zenni"")"
554,555,"Ohman, Miss. Velin"
556,557,"Duff Gordon, Lady. (Lucille Christiana Sutherland) (""Mrs Morgan"")"
558,559,"Taussig, Mrs. Emil (Tillie Mandelbaum)"
559,560,"de Messemaeker, Mrs. Guillaume Joseph (Emma)"
569,570,"Jonsson, Mr. Carl"
570,571,"Harris, Mr. George"
571,572,"Appleton, Mrs. Edward Dale (Charlotte Lamson)"
572,573,"Flynn, Mr. John Irwin (""Irving"")"
573,574,"Kelly, Miss. Mary"
576,577,"Garside, Miss. Ethel"
577,578,"Silvey, Mrs. William Baird (Alice Munger)"
579,580,"Jussila, Mr. Eiriik"
580,581,"Christy, Miss. Julie Rachel"
581,582,"Thayer, Mrs. John Borland (Marian Longstreth Morris)"
585,586,"Taussig, Miss. Ruth"
587,588,"Frolicher-Stehli, Mr. Maxmillian"
591,592,"Stephenson, Mrs. Walter Bertram (Martha Eustis)"
596,597,"Leitch, Miss. Jessie Wills"
599,600,"Duff Gordon, Sir. Cosmo Edmund (""Mr Morgan"")"
600,601,"Jacobsohn, Mrs. Sidney Samuel (Amy Frances Christy)"
604,605,"Homer, Mr. Harry (""Mr E Haven"")"
607,608,"Daniel, Mr. Robert Williams"
608,609,"Laroche, Mrs. Joseph (Juliette Marie Louise Lafargue)"
609,610,"Shutes, Miss. Elizabeth W"
612,613,"Murphy, Miss. Margaret Jane"
615,616,"Herman, Miss. Alice"
618,619,"Becker, Miss. Marion Louise"
621,622,"Kimball, Mr. Edwin Nelson Jr"
622,623,"Nakid, Mr. Sahid"
627,628,"Longley, Miss. Gretchen Fiske"
630,631,"Barkworth, Mr. Algernon Henry Wilson"
632,633,"Stahelin-Maeglin, Dr. Max"
635,636,"Davis, Miss. Mary"
641,642,"Sagesser, Mlle. Emma"
643,644,"Foo, Mr. Choong"
644,645,"Baclini, Miss. Eugenie"
645,646,"Harper, Mr. Henry Sleeper"
647,648,"Simonius-Blumer, Col. Oberst Alfons"
649,650,"Stanley, Miss. Amy Zillah Elsie"
651,652,"Doling, Miss. Elsie"
653,654,"O'Leary, Miss. Hanora ""Norah"""
660,661,"Frauenthal, Dr. Henry William"
664,665,"Lindqvist, Mr. Eino William"
669,670,"Taylor, Mrs. Elmer Zebley (Juliet Cummins Wright)"
670,671,"Brown, Mrs. Thomas William Solomon (Elizabeth Catherine Ford)"
673,674,"Wilhelms, Mr. Charles"
677,678,"Turja, Miss. Anna Sofia"
679,680,"Cardeza, Mr. Thomas Drake Martinez"
681,682,"Hassab, Mr. Hammad"
689,690,"Madill, Miss. Georgette Alexandra"
690,691,"Dick, Mr. Albert Adrian"
691,692,"Karun, Miss. Manca"
692,693,"Lam, Mr. Ali"
697,698,"Mullens, Miss. Katherine ""Katie"""
700,701,"Astor, Mrs. John Jacob (Madeleine Talmadge Force)"
701,702,"Silverthorne, Mr. Spencer Victor"
706,707,"Kelly, Mrs. Florence ""Fannie"""
707,708,"Calderhead, Mr. Edward Pennington"
708,709,"Cleaver, Miss. Alice"
709,710,"Moubarek, Master. Halim Gonios (""William George"")"
710,711,"Mayne, Mlle. Berthe Antonine (""Mrs de Villiers"")"
712,713,"Taylor, Mr. Elmer Zebley"
716,717,"Endres, Miss. Caroline Louise"
717,718,"Troutt, Miss. Edwina Celia ""Winnie"""
720,721,"Harper, Miss. Annie Jessie ""Nina"""
724,725,"Chambers, Mr. Norman Campbell"
726,727,"Renouf, Mrs. Peter Henry (Lillian Jefferys)"
727,728,"Mannion, Miss. Margareth"
730,731,"Allen, Miss. Elisabeth Walton"
737,738,"Lesurer, Mr. Gustave J"
740,741,"Hawksford, Mr. Walter James"
742,743,"Ryerson, Miss. Susan Parker ""Suzette"""
744,745,"Stranden, Mr. Juho"
747,748,"Sinkkonen, Miss. Anna"
750,751,"Wells, Miss. Joan"
751,752,"Moor, Master. Meier"
754,755,"Herman, Mrs. Samuel (Jane Laver)"
755,756,"Hamalainen, Master. Viljo"
759,760,"Rothes, the Countess. of (Lucy Noel Martha Dyer-Edwards)"
762,763,"Barah, Mr. Hanna Assi"
763,764,"Carter, Mrs. William Ernest (Lucile Polk)"
765,766,"Hogeboom, Mrs. John C (Anna Andrews)"
774,775,"Hocking, Mrs. Elizabeth (Eliza Needs)"
777,778,"Emanuel, Miss. Virginia Ethel"
779,780,"Robert, Mrs. Edward Scott (Elisabeth Walton McMillan)"
780,781,"Ayoub, Miss. Banoura"
781,782,"Dick, Mrs. Albert Adrian (Vera Gillespie)"
786,787,"Sjoblom, Miss. Anna Sofia"
788,789,"Dean, Master. Bertram Vere"
796,797,"Leader, Dr. Alice (Farnham)"
797,798,"Osman, Mrs. Mara"
801,802,"Collyer, Mrs. Harvey (Charlotte Annie Tate)"
802,803,"Carter, Master. William Thornton II"
803,804,"Thomas, Master. Assad Alexander"
804,805,"Hedman, Mr. Oskar Arvid"
809,810,"Chambers, Mrs. Norman Campbell (Bertha Griggs)"
820,821,"Hays, Mrs. Charles Melville (Clara Jennings Gregg)"
821,822,"Lulic, Mr. Nikola"
823,824,"Moor, Mrs. (Beila)"
827,828,"Mallet, Master. Andre"
828,829,"McCormack, Mr. Thomas Joseph"
829,830,"Stone, Mrs. George Nelson (Martha Evelyn)"
830,831,"Yasbeck, Mrs. Antoni (Selini Alexander)"
831,832,"Richards, Master. George Sibley"
835,836,"Compton, Miss. Sara Rebecca"
838,839,"Chip, Mr. Chang"
839,840,"Marechal, Mr. Pierre"
842,843,"Serepeca, Miss. Augusta"
849,850,"Goldenberg, Mrs. Samuel L (Edwiga Grabowska)"
853,854,"Lines, Miss. Mary Conover"
855,856,"Aks, Mrs. Sam (Leah Rosen)"
856,857,"Wick, Mrs. George Dennick (Mary Hitchcock)"
857,858,"Daly, Mr. Peter Denis "
858,859,"Baclini, Mrs. Solomon (Latifa Qurban)"
862,863,"Swift, Mrs. Frederick Joel (Margaret Welles Barron)"
865,866,"Bystrom, Mrs. (Karolina)"
866,867,"Duran y More, Miss. Asuncion"
869,870,"Johnson, Master. Harold Theodor"
871,872,"Beckwith, Mrs. Richard Leonard (Sallie Monypeny)"
874,875,"Abelson, Mrs. Samuel (Hannah Wizosky)"
875,876,"Najib, Miss. Adele Kiamie ""Jane"""
879,880,"Potter, Mrs. Thomas Jr (Lily Alexenia Wilson)"
880,881,"Shelley, Mrs. William (Imanita Parrish Hall)"
887,888,"Graham, Miss. Margaret Edith"
889,890,"Behr, Mr. Karl Howell"
